job_id,requested_number_of_processors,execution_time
1,32,433
2,4,106
3,2,176
4,4,118
5,1,139
6,1,90
7,2,175
8,16,94
9,4,118
10,2,174
11,2,175
12,1,138
13,2,174
14,4,117
15,2,175
16,1,92
17,1,139
18,1,138
19,2,172
20,2,175
21,1,93
22,4,117
23,1,88
24,2,175
25,1,88
26,1,89
27,2,174
28,8,1450
29,1,138
30,2,175
31,4,118
32,1,138
33,2,173
34,2,175
35,1,138
36,2,176
37,4,104
38,8,144
39,2,173
40,1,89
41,1,91
42,2,177
43,1,90
44,2,174
45,1,137
46,1,99
47,4,105
48,1,139
49,1,137
50,4,117
51,2,174
52,2,173
53,2,173
54,8,143
55,2,173
56,8,1447
57,2,176
58,1,88
59,2,174
60,1,139
61,1,138
62,1,89
63,16,94
64,1,138
65,16,94
66,2,175
67,2,176
68,2,175
69,2,176
70,2,175
71,4,119
72,1,139
73,8,144
74,1,138
75,1,138
76,1,138
77,2,177
78,4,105
79,1,89
80,1,137
81,2,174
82,2,174
83,1,138
84,1,138
85,8,142
86,1,138
87,1,138
88,8,1451
89,2,174
90,4,105
91,1,138
92,4,117
93,4,118
94,1,138
95,2,172
96,1,138
97,1,138
98,1,138
99,1,138
100,4,117
101,1,137
102,2,174
103,4,118
104,2,174
105,4,117
106,1,138
107,1,89
108,1,138
109,1,138
110,2,174
111,2,174
112,2,175
113,2,173
114,1,88
115,1,137
116,4,105
117,2,173
118,1,138
119,2,173
120,2,173
121,4,118
122,2,176
123,4,105
124,4,105
125,2,175
126,8,1446
127,4,118
128,1,138
129,8,142
130,4,118
131,4,105
132,8,1448
133,8,144
134,1,138
135,4,117
136,8,1450
137,2,174
138,1,137
139,2,175
140,1,89
141,2,173
142,8,143
143,16,94
144,4,105
145,8,143
146,1,89
147,2,175
148,1,138
149,1,139
150,2,175
151,2,172
152,2,175
153,8,1449
154,2,174
155,2,173
156,2,174
157,1,91
158,8,1449
159,4,117
160,2,176
161,1,91
162,8,1449
163,8,1449
164,2,175
165,2,175
166,2,176
167,2,176
168,4,106
169,1,139
170,1,138
171,2,174
172,1,139
173,2,175
174,1,138
175,2,175
176,2,175
177,1,138
178,2,173
179,2,176
180,32,434
181,8,1446
182,2,177
183,2,175
184,2,175
185,2,174
186,2,175
187,4,117
188,1,89
189,2,176
190,1,139
191,1,138
192,1,138
193,2,176
194,1,138
195,1,91
196,1,139
197,2,176
198,2,177
199,2,176
200,4,106
201,8,144
202,2,174
203,2,173
204,1,139
205,1,139
206,4,107
207,1,140
208,2,175
209,2,174
210,2,175
211,1,90
212,4,119
213,4,105
214,2,177
215,1,139
216,2,177
217,2,174
218,4,105
219,1,90
220,8,1449
221,16,94
222,8,1449
223,2,177
224,4,105
225,16,93
226,1,88
227,2,174
228,1,138
229,1,138
230,4,118
231,16,93
232,4,106
233,1,138
234,4,105
235,1,89
236,4,118
237,8,143
238,1,138
239,8,143
240,2,175
241,1,89
242,1,89
243,4,106
244,1,138
245,4,105
246,2,175
247,2,172
248,2,174
249,1,138
250,8,143
